timestamp,num_detections,avg_confidence,max_confidence,pred_open,pred_short,pred_mousebite,pred_spur,pred_spurious_copper,pred_pin_hole,avg_bbox_area,pass_fail
2026-05-24T18:56:20.436438,2,0.1189,0.1358,1,1,0,0,0,0,0.000882,1
2026-05-24T18:56:20.474155,1,0.1568,0.1568,1,0,0,0,0,0,0.000743,1
2026-05-24T18:56:20.511689,0,0.0,0.0,0,0,0,0,0,0,0.0,0
2026-05-24T18:56:20.549147,0,0.0,0.0,0,0,0,0,0,0,0.0,0
2026-05-24T18:56:20.586663,1,0.1033,0.1033,1,0,0,0,0,0,0.001676,1
2026-05-24T18:56:20.625011,0,0.0,0.0,0,0,0,0,0,0,0.0,0
2026-05-24T18:56:20.661339,0,0.0,0.0,0,0,0,0,0,0,0.0,0
2026-05-24T18:56:20.697149,0,0.0,0.0,0,0,0,0,0,0,0.0,0
2026-05-24T18:56:20.733977,1,0.208,0.208,1,0,0,0,0,0,0.001181,1
2026-05-24T18:56:20.768796,2,0.1187,0.1272,2,0,0,0,0,0,0.001,1
2026-05-24T18:56:20.803469,1,0.1482,0.1482,1,0,0,0,0,0,0.000957,1
2026-05-24T18:56:20.840223,0,0.0,0.0,0,0,0,0,0,0,0.0,0
2026-05-24T18:56:20.878337,1,0.1959,0.1959,1,0,0,0,0,0,0.00106,1
2026-05-24T18:56:20.915521,1,0.1211,0.1211,1,0,0,0,0,0,0.001343,1
2026-05-24T18:56:20.954210,1,0.3333,0.3333,1,0,0,0,0,0,0.001302,1
2026-05-24T18:56:20.993390,1,0.1651,0.1651,1,0,0,0,0,0,0.000807,1
2026-05-24T18:56:21.030093,0,0.0,0.0,0,0,0,0,0,0,0.0,0
2026-05-24T18:56:21.066835,1,0.107,0.107,1,0,0,0,0,0,0.001352,1
2026-05-24T18:56:21.104087,0,0.0,0.0,0,0,0,0,0,0,0.0,0
2026-05-24T18:56:21.141624,2,0.129,0.152,1,0,0,0,0,1,0.000659,1
2026-05-24T18:56:21.179656,1,0.1285,0.1285,1,0,0,0,0,0,0.000649,1
2026-05-24T18:56:21.218272,0,0.0,0.0,0,0,0,0,0,0,0.0,0
2026-05-24T18:56:21.253935,0,0.0,0.0,0,0,0,0,0,0,0.0,0
2026-05-24T18:56:21.289077,0,0.0,0.0,0,0,0,0,0,0,0.0,0
2026-05-24T18:56:21.323970,1,0.1269,0.1269,0,0,0,0,0,1,0.000674,1
2026-05-24T18:56:21.358808,1,0.1724,0.1724,1,0,0,0,0,0,0.002282,1
2026-05-24T18:56:21.393792,0,0.0,0.0,0,0,0,0,0,0,0.0,0
2026-05-24T18:56:21.429082,1,0.1486,0.1486,1,0,0,0,0,0,0.000607,1
2026-05-24T18:56:21.464411,0,0.0,0.0,0,0,0,0,0,0,0.0,0
2026-05-24T18:56:21.499788,2,0.1779,0.2019,1,0,0,0,1,0,0.00082,1
2026-05-24T18:56:21.535657,1,0.1427,0.1427,0,0,0,0,0,1,0.000635,1
2026-05-24T18:56:21.570801,0,0.0,0.0,0,0,0,0,0,0,0.0,0
2026-05-24T18:56:21.605575,0,0.0,0.0,0,0,0,0,0,0,0.0,0
2026-05-24T18:56:21.640170,0,0.0,0.0,0,0,0,0,0,0,0.0,0
2026-05-24T18:56:21.676031,0,0.0,0.0,0,0,0,0,0,0,0.0,0
2026-05-24T18:56:21.711411,0,0.0,0.0,0,0,0,0,0,0,0.0,0
2026-05-24T18:56:21.756681,2,0.3817,0.6117,2,0,0,0,0,0,0.001574,1
2026-05-24T18:56:21.806058,0,0.0,0.0,0,0,0,0,0,0,0.0,0
2026-05-24T18:56:21.844212,1,0.1888,0.1888,1,0,0,0,0,0,0.000826,1
2026-05-24T18:56:21.879416,1,0.2046,0.2046,1,0,0,0,0,0,0.001203,1
2026-05-24T18:56:21.916671,0,0.0,0.0,0,0,0,0,0,0,0.0,0
2026-05-24T18:56:21.960113,0,0.0,0.0,0,0,0,0,0,0,0.0,0
2026-05-24T18:56:21.997437,0,0.0,0.0,0,0,0,0,0,0,0.0,0
2026-05-24T18:56:22.034514,0,0.0,0.0,0,0,0,0,0,0,0.0,0
2026-05-24T18:56:22.071392,1,0.1763,0.1763,1,0,0,0,0,0,0.001245,1
2026-05-24T18:56:22.108426,0,0.0,0.0,0,0,0,0,0,0,0.0,0
2026-05-24T18:56:22.170050,1,0.2609,0.2609,1,0,0,0,0,0,0.000976,1
2026-05-24T18:56:22.217324,1,0.1068,0.1068,1,0,0,0,0,0,0.000824,1
2026-05-24T18:56:22.263948,0,0.0,0.0,0,0,0,0,0,0,0.0,0
2026-05-24T18:56:22.309094,1,0.3735,0.3735,1,0,0,0,0,0,0.000981,1
2026-05-24T18:56:22.352456,2,0.2172,0.3271,1,1,0,0,0,0,0.001354,1
2026-05-24T18:56:22.393228,1,0.1472,0.1472,1,0,0,0,0,0,0.000843,1
2026-05-24T18:56:22.429885,0,0.0,0.0,0,0,0,0,0,0,0.0,0
2026-05-24T18:56:22.465284,2,0.212,0.3017,1,0,0,0,1,0,0.00077,1
2026-05-24T18:56:22.501320,0,0.0,0.0,0,0,0,0,0,0,0.0,0
2026-05-24T18:56:22.547083,0,0.0,0.0,0,0,0,0,0,0,0.0,0
2026-05-24T18:56:22.601988,2,0.1804,0.2156,2,0,0,0,0,0,0.0012,1
2026-05-24T18:56:22.651313,0,0.0,0.0,0,0,0,0,0,0,0.0,0
2026-05-24T18:56:22.686986,1,0.1244,0.1244,1,0,0,0,0,0,0.000826,1
2026-05-24T18:56:22.723177,0,0.0,0.0,0,0,0,0,0,0,0.0,0
2026-05-24T18:56:22.758619,1,0.1901,0.1901,1,0,0,0,0,0,0.00144,1
2026-05-24T18:56:22.794167,1,0.1426,0.1426,1,0,0,0,0,0,0.000801,1
2026-05-24T18:56:22.833713,2,0.1343,0.161,2,0,0,0,0,0,0.001256,1
2026-05-24T18:56:22.873375,3,0.1517,0.1619,3,0,0,0,0,0,0.000811,1
2026-05-24T18:56:22.908233,0,0.0,0.0,0,0,0,0,0,0,0.0,0
2026-05-24T18:56:22.944116,0,0.0,0.0,0,0,0,0,0,0,0.0,0
2026-05-24T18:56:22.984495,1,0.1046,0.1046,1,0,0,0,0,0,0.002021,1
2026-05-24T18:56:23.018527,0,0.0,0.0,0,0,0,0,0,0,0.0,0
2026-05-24T18:56:23.053971,1,0.3095,0.3095,0,0,0,0,1,0,0.001069,1
2026-05-24T18:56:23.089262,0,0.0,0.0,0,0,0,0,0,0,0.0,0
2026-05-24T18:56:23.124959,0,0.0,0.0,0,0,0,0,0,0,0.0,0
2026-05-24T18:56:23.162175,0,0.0,0.0,0,0,0,0,0,0,0.0,0
2026-05-24T18:56:23.197081,1,0.1347,0.1347,1,0,0,0,0,0,0.000926,1
2026-05-24T18:56:23.230774,1,0.2702,0.2702,0,0,0,0,1,0,0.001045,1
2026-05-24T18:56:23.264835,0,0.0,0.0,0,0,0,0,0,0,0.0,0
2026-05-24T18:56:23.300644,2,0.155,0.1901,1,0,0,1,0,0,0.000643,1
2026-05-24T18:56:23.335107,1,0.1121,0.1121,1,0,0,0,0,0,0.001305,1
2026-05-24T18:56:23.372575,4,0.2072,0.2599,2,0,0,1,1,0,0.000697,1
2026-05-24T18:56:23.408288,0,0.0,0.0,0,0,0,0,0,0,0.0,0
2026-05-24T18:56:23.443749,0,0.0,0.0,0,0,0,0,0,0,0.0,0
2026-05-24T18:56:23.479682,1,0.1931,0.1931,1,0,0,0,0,0,0.000848,1
2026-05-24T18:56:23.515039,0,0.0,0.0,0,0,0,0,0,0,0.0,0
2026-05-24T18:56:23.550276,2,0.1832,0.2275,1,0,0,0,1,0,0.000718,1
2026-05-24T18:56:23.585400,1,0.1236,0.1236,1,0,0,0,0,0,0.001004,1
2026-05-24T18:56:23.620169,1,0.18,0.18,0,0,0,0,1,0,0.000496,1
2026-05-24T18:56:23.655224,0,0.0,0.0,0,0,0,0,0,0,0.0,0
2026-05-24T18:56:23.692540,2,0.1286,0.1519,1,0,0,0,1,0,0.001531,1
2026-05-24T18:56:23.729029,0,0.0,0.0,0,0,0,0,0,0,0.0,0
2026-05-24T18:56:23.764622,0,0.0,0.0,0,0,0,0,0,0,0.0,0
2026-05-24T18:56:23.800146,0,0.0,0.0,0,0,0,0,0,0,0.0,0
2026-05-24T18:56:23.835878,2,0.1379,0.1565,1,0,0,0,1,0,0.000763,1
2026-05-24T18:56:23.872658,0,0.0,0.0,0,0,0,0,0,0,0.0,0
2026-05-24T18:56:23.913856,3,0.2212,0.3628,2,0,0,0,1,0,0.001558,1
2026-05-24T18:56:23.956611,1,0.1289,0.1289,0,0,0,0,1,0,0.000778,1
2026-05-24T18:56:23.994761,1,0.1057,0.1057,1,0,0,0,0,0,0.00116,1
2026-05-24T18:56:24.031077,1,0.194,0.194,1,0,0,0,0,0,0.000718,1
2026-05-24T18:56:24.067122,0,0.0,0.0,0,0,0,0,0,0,0.0,0
2026-05-24T18:56:24.102654,1,0.2049,0.2049,1,0,0,0,0,0,0.001967,1
2026-05-24T18:56:24.138364,2,0.1431,0.1586,2,0,0,0,0,0,0.001378,1
2026-05-24T18:56:24.173889,1,0.4554,0.4554,1,0,0,0,0,0,0.001802,1
2026-05-24T18:56:24.209471,2,0.1127,0.1174,2,0,0,0,0,0,0.002172,1
2026-05-24T18:56:24.243104,0,0.0,0.0,0,0,0,0,0,0,0.0,0
2026-05-24T18:56:24.277412,0,0.0,0.0,0,0,0,0,0,0,0.0,0
2026-05-24T18:56:24.313688,0,0.0,0.0,0,0,0,0,0,0,0.0,0
2026-05-24T18:56:24.348186,0,0.0,0.0,0,0,0,0,0,0,0.0,0
2026-05-24T18:56:24.382960,2,0.193,0.264,2,0,0,0,0,0,0.001712,1
2026-05-24T18:56:24.418422,1,0.1328,0.1328,1,0,0,0,0,0,0.000656,1
2026-05-24T18:56:24.453462,4,0.2828,0.4308,3,0,0,0,1,0,0.000965,1
2026-05-24T18:56:24.488297,2,0.1217,0.1369,2,0,0,0,0,0,0.001203,1
2026-05-24T18:56:24.523421,0,0.0,0.0,0,0,0,0,0,0,0.0,0
2026-05-24T18:56:24.557637,3,0.1847,0.2389,3,0,0,0,0,0,0.000892,1
2026-05-24T18:56:24.591961,2,0.2042,0.3064,2,0,0,0,0,0,0.001199,1
2026-05-24T18:56:24.625952,1,0.1761,0.1761,1,0,0,0,0,0,0.001567,1
2026-05-24T18:56:24.661679,2,0.1176,0.1289,0,0,1,0,0,1,0.00051,1
2026-05-24T18:56:24.696686,0,0.0,0.0,0,0,0,0,0,0,0.0,0
2026-05-24T18:56:24.731955,0,0.0,0.0,0,0,0,0,0,0,0.0,0
2026-05-24T18:56:24.766504,2,0.1373,0.1606,2,0,0,0,0,0,0.001204,1
2026-05-24T18:56:24.800953,1,0.178,0.178,1,0,0,0,0,0,0.000823,1
2026-05-24T18:56:24.834912,0,0.0,0.0,0,0,0,0,0,0,0.0,0
2026-05-24T18:56:24.869768,0,0.0,0.0,0,0,0,0,0,0,0.0,0
2026-05-24T18:56:24.903956,0,0.0,0.0,0,0,0,0,0,0,0.0,0
2026-05-24T18:56:24.938976,0,0.0,0.0,0,0,0,0,0,0,0.0,0
2026-05-24T18:56:24.974002,0,0.0,0.0,0,0,0,0,0,0,0.0,0
2026-05-24T18:56:25.008500,0,0.0,0.0,0,0,0,0,0,0,0.0,0
2026-05-24T18:56:25.044010,1,0.1155,0.1155,1,0,0,0,0,0,0.000964,1
2026-05-24T18:56:25.078490,1,0.1297,0.1297,1,0,0,0,0,0,0.000781,1
2026-05-24T18:56:25.113529,1,0.3151,0.3151,1,0,0,0,0,0,0.002621,1
2026-05-24T18:56:25.149034,0,0.0,0.0,0,0,0,0,0,0,0.0,0
2026-05-24T18:56:25.188368,3,0.2064,0.3194,2,0,0,0,1,0,0.001053,1
2026-05-24T18:56:25.224423,2,0.1487,0.1817,2,0,0,0,0,0,0.001643,1
2026-05-24T18:56:25.259597,0,0.0,0.0,0,0,0,0,0,0,0.0,0
2026-05-24T18:56:25.295725,1,0.1472,0.1472,0,0,0,1,0,0,0.00051,1
2026-05-24T18:56:25.331188,1,0.1059,0.1059,0,0,0,0,1,0,0.00135,1
2026-05-24T18:56:25.366223,0,0.0,0.0,0,0,0,0,0,0,0.0,0
2026-05-24T18:56:25.401144,2,0.2303,0.2403,1,0,0,0,1,0,0.000959,1
2026-05-24T18:56:25.436934,1,0.19,0.19,1,0,0,0,0,0,0.000969,1
2026-05-24T18:56:25.473201,2,0.1107,0.1115,1,0,0,0,0,1,0.000562,1
2026-05-24T18:56:25.507955,1,0.1678,0.1678,1,0,0,0,0,0,0.001184,1
2026-05-24T18:56:25.543891,0,0.0,0.0,0,0,0,0,0,0,0.0,0
2026-05-24T18:56:25.578587,1,0.2558,0.2558,1,0,0,0,0,0,0.000835,1
2026-05-24T18:56:25.614709,2,0.1588,0.1915,1,0,0,0,1,0,0.000658,1
2026-05-24T18:56:25.649326,0,0.0,0.0,0,0,0,0,0,0,0.0,0
2026-05-24T18:56:25.684018,1,0.1698,0.1698,1,0,0,0,0,0,0.001662,1
2026-05-24T18:56:25.720761,1,0.4491,0.4491,0,0,0,0,1,0,0.00126,1
2026-05-24T18:56:25.790568,0,0.0,0.0,0,0,0,0,0,0,0.0,0
2026-05-24T18:56:25.826744,1,0.1168,0.1168,1,0,0,0,0,0,0.001173,1
2026-05-24T18:56:25.861924,0,0.0,0.0,0,0,0,0,0,0,0.0,0
2026-05-24T18:56:25.896665,1,0.1027,0.1027,1,0,0,0,0,0,0.000837,1
2026-05-24T18:56:25.931430,1,0.195,0.195,0,0,0,0,1,0,0.001182,1
2026-05-24T18:56:25.966766,3,0.1438,0.1716,2,0,0,0,1,0,0.001068,1
2026-05-24T18:56:26.002133,5,0.1938,0.3201,2,0,0,1,1,1,0.000857,1
2026-05-24T18:56:26.038151,0,0.0,0.0,0,0,0,0,0,0,0.0,0
2026-05-24T18:56:26.073574,1,0.1259,0.1259,0,0,0,0,0,1,0.000803,1
2026-05-24T18:56:26.108460,0,0.0,0.0,0,0,0,0,0,0,0.0,0
2026-05-24T18:56:26.144444,0,0.0,0.0,0,0,0,0,0,0,0.0,0
2026-05-24T18:56:26.180190,2,0.1599,0.1761,2,0,0,0,0,0,0.001162,1
2026-05-24T18:56:26.216940,0,0.0,0.0,0,0,0,0,0,0,0.0,0
2026-05-24T18:56:26.254688,4,0.2509,0.3254,3,0,1,0,0,0,0.000833,1
2026-05-24T18:56:26.292085,0,0.0,0.0,0,0,0,0,0,0,0.0,0
2026-05-24T18:56:26.330029,1,0.1713,0.1713,1,0,0,0,0,0,0.001187,1
2026-05-24T18:56:26.366207,2,0.1583,0.196,2,0,0,0,0,0,0.001321,1
2026-05-24T18:56:26.400990,4,0.1598,0.2341,2,0,0,0,2,0,0.001249,1
2026-05-24T18:56:26.436882,2,0.4037,0.6875,2,0,0,0,0,0,0.000936,1
2026-05-24T18:56:26.471919,0,0.0,0.0,0,0,0,0,0,0,0.0,0
2026-05-24T18:56:26.507299,1,0.133,0.133,1,0,0,0,0,0,0.003848,1
2026-05-24T18:56:26.542618,0,0.0,0.0,0,0,0,0,0,0,0.0,0
2026-05-24T18:56:26.580954,0,0.0,0.0,0,0,0,0,0,0,0.0,0
2026-05-24T18:56:26.625399,1,0.1756,0.1756,1,0,0,0,0,0,0.001984,1
2026-05-24T18:56:26.685865,2,0.1145,0.1178,2,0,0,0,0,0,0.001178,1
2026-05-24T18:56:26.727215,1,0.1626,0.1626,1,0,0,0,0,0,0.000707,1
2026-05-24T18:56:26.773756,0,0.0,0.0,0,0,0,0,0,0,0.0,0
2026-05-24T18:56:26.817474,0,0.0,0.0,0,0,0,0,0,0,0.0,0
2026-05-24T18:56:26.854863,2,0.1272,0.1345,2,0,0,0,0,0,0.001193,1
2026-05-24T18:56:26.892121,0,0.0,0.0,0,0,0,0,0,0,0.0,0
2026-05-24T18:56:26.929943,5,0.1432,0.1724,1,0,0,3,1,0,0.00068,1
2026-05-24T18:56:26.967209,2,0.1381,0.1487,2,0,0,0,0,0,0.000754,1
2026-05-24T18:56:27.005352,1,0.1984,0.1984,1,0,0,0,0,0,0.000718,1
2026-05-24T18:56:27.043170,0,0.0,0.0,0,0,0,0,0,0,0.0,0
2026-05-24T18:56:27.083184,0,0.0,0.0,0,0,0,0,0,0,0.0,0
2026-05-24T18:56:27.123436,0,0.0,0.0,0,0,0,0,0,0,0.0,0
2026-05-24T18:56:27.165273,1,0.2234,0.2234,1,0,0,0,0,0,0.000816,1
2026-05-24T18:56:27.200762,2,0.1154,0.129,2,0,0,0,0,0,0.000599,1
2026-05-24T18:56:27.236109,2,0.1845,0.2425,1,0,0,0,0,1,0.000863,1
2026-05-24T18:56:27.271108,1,0.1207,0.1207,0,0,0,1,0,0,0.000414,1
2026-05-24T18:56:27.305077,1,0.3036,0.3036,1,0,0,0,0,0,0.002418,1
2026-05-24T18:56:27.341376,0,0.0,0.0,0,0,0,0,0,0,0.0,0
2026-05-24T18:56:27.376060,1,0.204,0.204,0,0,0,0,1,0,0.000999,1
2026-05-24T18:56:27.409874,1,0.1265,0.1265,1,0,0,0,0,0,0.001567,1
2026-05-24T18:56:27.443544,0,0.0,0.0,0,0,0,0,0,0,0.0,0
2026-05-24T18:56:27.476685,0,0.0,0.0,0,0,0,0,0,0,0.0,0
2026-05-24T18:56:27.509412,1,0.2281,0.2281,1,0,0,0,0,0,0.001879,1
2026-05-24T18:56:27.543372,5,0.2434,0.3699,1,0,0,1,3,0,0.000576,1
2026-05-24T18:56:27.576914,0,0.0,0.0,0,0,0,0,0,0,0.0,0
2026-05-24T18:56:27.610541,0,0.0,0.0,0,0,0,0,0,0,0.0,0
2026-05-24T18:56:27.643595,1,0.2438,0.2438,0,0,0,0,1,0,0.001082,1
2026-05-24T18:56:27.677471,0,0.0,0.0,0,0,0,0,0,0,0.0,0
2026-05-24T18:56:27.710454,3,0.1964,0.2764,1,0,0,1,1,0,0.000717,1
2026-05-24T18:56:27.745073,1,0.2451,0.2451,1,0,0,0,0,0,0.002042,1
2026-05-24T18:56:27.778134,2,0.3412,0.4479,2,0,0,0,0,0,0.001419,1
2026-05-24T18:56:27.812379,0,0.0,0.0,0,0,0,0,0,0,0.0,0
2026-05-24T18:56:27.845989,3,0.1785,0.2725,2,0,0,0,0,1,0.00108,1
2026-05-24T18:56:27.878901,0,0.0,0.0,0,0,0,0,0,0,0.0,0
2026-05-24T18:56:27.912469,0,0.0,0.0,0,0,0,0,0,0,0.0,0
2026-05-24T18:56:27.945550,2,0.1399,0.1631,2,0,0,0,0,0,0.001415,1
2026-05-24T18:56:27.978232,0,0.0,0.0,0,0,0,0,0,0,0.0,0
2026-05-24T18:56:28.011679,0,0.0,0.0,0,0,0,0,0,0,0.0,0
2026-05-24T18:56:28.045128,1,0.1115,0.1115,1,0,0,0,0,0,0.000824,1
2026-05-24T18:56:28.078882,0,0.0,0.0,0,0,0,0,0,0,0.0,0
2026-05-24T18:56:28.112025,0,0.0,0.0,0,0,0,0,0,0,0.0,0
2026-05-24T18:56:28.149693,0,0.0,0.0,0,0,0,0,0,0,0.0,0
2026-05-24T18:56:28.184845,1,0.1605,0.1605,1,0,0,0,0,0,0.001876,1
2026-05-24T18:56:28.221364,2,0.1899,0.198,2,0,0,0,0,0,0.000805,1
2026-05-24T18:56:28.257012,0,0.0,0.0,0,0,0,0,0,0,0.0,0
2026-05-24T18:56:28.293524,3,0.1273,0.1517,3,0,0,0,0,0,0.001638,1
2026-05-24T18:56:28.330614,0,0.0,0.0,0,0,0,0,0,0,0.0,0
2026-05-24T18:56:28.364563,0,0.0,0.0,0,0,0,0,0,0,0.0,0
2026-05-24T18:56:28.398841,0,0.0,0.0,0,0,0,0,0,0,0.0,0
2026-05-24T18:56:28.433836,0,0.0,0.0,0,0,0,0,0,0,0.0,0
2026-05-24T18:56:28.467267,0,0.0,0.0,0,0,0,0,0,0,0.0,0
2026-05-24T18:56:28.501116,2,0.2054,0.2639,1,0,0,0,1,0,0.001308,1
2026-05-24T18:56:28.535309,1,0.2687,0.2687,1,0,0,0,0,0,0.000745,1
2026-05-24T18:56:28.568210,1,0.1805,0.1805,1,0,0,0,0,0,0.001121,1
2026-05-24T18:56:28.601494,1,0.301,0.301,1,0,0,0,0,0,0.00071,1
2026-05-24T18:56:28.635942,1,0.1819,0.1819,0,0,0,0,1,0,0.00075,1
2026-05-24T18:56:28.669864,1,0.11,0.11,1,0,0,0,0,0,0.000565,1
2026-05-25T13:54:16.955011,0,0.0,0.0,0,0,0,0,0,0,0.0,0
2026-05-25T13:54:16.986569,0,0.0,0.0,0,0,0,0,0,0,0.0,0
2026-05-25T13:54:17.016116,0,0.0,0.0,0,0,0,0,0,0,0.0,0
2026-05-25T13:54:17.046605,0,0.0,0.0,0,0,0,0,0,0,0.0,0
2026-05-25T13:54:17.076406,0,0.0,0.0,0,0,0,0,0,0,0.0,0
2026-05-25T13:54:17.105512,0,0.0,0.0,0,0,0,0,0,0,0.0,0
2026-05-25T13:54:17.134219,0,0.0,0.0,0,0,0,0,0,0,0.0,0
2026-05-25T13:54:17.163210,0,0.0,0.0,0,0,0,0,0,0,0.0,0
2026-05-25T13:54:17.193118,0,0.0,0.0,0,0,0,0,0,0,0.0,0
2026-05-25T13:54:17.222651,0,0.0,0.0,0,0,0,0,0,0,0.0,0
2026-05-25T13:54:17.252376,0,0.0,0.0,0,0,0,0,0,0,0.0,0
2026-05-25T13:54:17.282420,0,0.0,0.0,0,0,0,0,0,0,0.0,0
2026-05-25T13:54:17.311936,0,0.0,0.0,0,0,0,0,0,0,0.0,0
2026-05-25T13:54:17.341710,0,0.0,0.0,0,0,0,0,0,0,0.0,0
2026-05-25T13:54:17.371431,0,0.0,0.0,0,0,0,0,0,0,0.0,0
2026-05-25T13:54:17.401533,0,0.0,0.0,0,0,0,0,0,0,0.0,0
2026-05-25T13:54:17.431137,0,0.0,0.0,0,0,0,0,0,0,0.0,0
2026-05-25T13:54:17.461603,0,0.0,0.0,0,0,0,0,0,0,0.0,0
2026-05-25T13:54:17.491873,0,0.0,0.0,0,0,0,0,0,0,0.0,0
2026-05-25T13:54:17.521592,0,0.0,0.0,0,0,0,0,0,0,0.0,0
2026-05-25T13:54:17.551226,0,0.0,0.0,0,0,0,0,0,0,0.0,0
2026-05-25T13:54:17.580208,0,0.0,0.0,0,0,0,0,0,0,0.0,0
2026-05-25T13:54:17.609226,0,0.0,0.0,0,0,0,0,0,0,0.0,0
2026-05-25T13:54:17.638444,0,0.0,0.0,0,0,0,0,0,0,0.0,0
2026-05-25T13:54:17.667679,0,0.0,0.0,0,0,0,0,0,0,0.0,0
2026-05-25T13:54:17.698230,0,0.0,0.0,0,0,0,0,0,0,0.0,0
2026-05-25T13:54:17.727936,0,0.0,0.0,0,0,0,0,0,0,0.0,0
2026-05-25T13:54:17.757676,0,0.0,0.0,0,0,0,0,0,0,0.0,0
2026-05-25T13:54:17.787129,0,0.0,0.0,0,0,0,0,0,0,0.0,0
2026-05-25T13:54:17.816210,0,0.0,0.0,0,0,0,0,0,0,0.0,0
2026-05-25T13:54:17.846136,0,0.0,0.0,0,0,0,0,0,0,0.0,0
2026-05-25T13:54:17.876435,0,0.0,0.0,0,0,0,0,0,0,0.0,0
2026-05-25T13:54:17.906284,0,0.0,0.0,0,0,0,0,0,0,0.0,0
2026-05-25T13:54:17.935666,0,0.0,0.0,0,0,0,0,0,0,0.0,0
2026-05-25T13:54:17.965030,0,0.0,0.0,0,0,0,0,0,0,0.0,0
2026-05-25T13:54:17.994599,0,0.0,0.0,0,0,0,0,0,0,0.0,0
2026-05-25T13:54:18.024522,0,0.0,0.0,0,0,0,0,0,0,0.0,0
2026-05-25T13:54:18.054022,0,0.0,0.0,0,0,0,0,0,0,0.0,0
2026-05-25T13:54:18.083378,0,0.0,0.0,0,0,0,0,0,0,0.0,0
2026-05-25T13:54:18.113729,0,0.0,0.0,0,0,0,0,0,0,0.0,0
2026-05-25T13:54:18.143526,0,0.0,0.0,0,0,0,0,0,0,0.0,0
2026-05-25T13:54:18.172802,0,0.0,0.0,0,0,0,0,0,0,0.0,0
2026-05-25T13:54:18.202221,0,0.0,0.0,0,0,0,0,0,0,0.0,0
2026-05-25T13:54:18.231112,0,0.0,0.0,0,0,0,0,0,0,0.0,0
2026-05-25T13:54:18.260693,0,0.0,0.0,0,0,0,0,0,0,0.0,0
2026-05-25T13:54:18.289642,0,0.0,0.0,0,0,0,0,0,0,0.0,0
2026-05-25T13:54:18.318893,0,0.0,0.0,0,0,0,0,0,0,0.0,0
2026-05-25T13:54:18.349144,0,0.0,0.0,0,0,0,0,0,0,0.0,0
2026-05-25T13:54:18.378679,0,0.0,0.0,0,0,0,0,0,0,0.0,0
2026-05-25T13:54:18.408178,0,0.0,0.0,0,0,0,0,0,0,0.0,0
2026-05-25T13:54:18.437701,0,0.0,0.0,0,0,0,0,0,0,0.0,0
2026-05-25T13:54:18.467178,0,0.0,0.0,0,0,0,0,0,0,0.0,0
2026-05-25T13:54:18.497056,0,0.0,0.0,0,0,0,0,0,0,0.0,0
2026-05-25T13:54:18.526658,0,0.0,0.0,0,0,0,0,0,0,0.0,0
2026-05-25T13:54:18.556726,0,0.0,0.0,0,0,0,0,0,0,0.0,0
2026-05-25T13:54:18.586124,0,0.0,0.0,0,0,0,0,0,0,0.0,0
2026-05-25T13:54:18.615511,0,0.0,0.0,0,0,0,0,0,0,0.0,0
2026-05-25T13:54:18.645595,0,0.0,0.0,0,0,0,0,0,0,0.0,0
2026-05-25T13:54:18.674956,0,0.0,0.0,0,0,0,0,0,0,0.0,0
2026-05-25T13:54:18.703748,0,0.0,0.0,0,0,0,0,0,0,0.0,0
2026-05-25T13:54:18.733481,0,0.0,0.0,0,0,0,0,0,0,0.0,0
2026-05-25T13:54:18.762932,0,0.0,0.0,0,0,0,0,0,0,0.0,0
2026-05-25T13:54:18.792486,0,0.0,0.0,0,0,0,0,0,0,0.0,0
2026-05-25T13:54:18.822498,0,0.0,0.0,0,0,0,0,0,0,0.0,0
2026-05-25T13:54:18.852376,0,0.0,0.0,0,0,0,0,0,0,0.0,0
2026-05-25T13:54:18.882220,0,0.0,0.0,0,0,0,0,0,0,0.0,0
2026-05-25T13:54:18.912808,0,0.0,0.0,0,0,0,0,0,0,0.0,0
2026-05-25T13:54:18.942467,0,0.0,0.0,0,0,0,0,0,0,0.0,0
2026-05-25T13:54:18.971661,0,0.0,0.0,0,0,0,0,0,0,0.0,0
2026-05-25T13:54:19.000978,0,0.0,0.0,0,0,0,0,0,0,0.0,0
2026-05-25T13:54:19.029888,0,0.0,0.0,0,0,0,0,0,0,0.0,0
2026-05-25T13:54:19.058489,0,0.0,0.0,0,0,0,0,0,0,0.0,0
2026-05-25T13:54:19.087932,0,0.0,0.0,0,0,0,0,0,0,0.0,0
2026-05-25T13:54:19.117484,0,0.0,0.0,0,0,0,0,0,0,0.0,0
2026-05-25T13:54:19.147515,0,0.0,0.0,0,0,0,0,0,0,0.0,0
2026-05-25T13:54:19.176938,0,0.0,0.0,0,0,0,0,0,0,0.0,0
2026-05-25T13:54:19.206144,0,0.0,0.0,0,0,0,0,0,0,0.0,0
2026-05-25T13:54:19.235037,0,0.0,0.0,0,0,0,0,0,0,0.0,0
2026-05-25T13:54:19.264817,0,0.0,0.0,0,0,0,0,0,0,0.0,0
2026-05-25T13:54:19.294847,0,0.0,0.0,0,0,0,0,0,0,0.0,0
2026-05-25T13:54:19.324455,0,0.0,0.0,0,0,0,0,0,0,0.0,0
2026-05-25T13:54:19.354739,0,0.0,0.0,0,0,0,0,0,0,0.0,0
2026-05-25T13:54:19.384475,0,0.0,0.0,0,0,0,0,0,0,0.0,0
2026-05-25T13:54:19.414432,0,0.0,0.0,0,0,0,0,0,0,0.0,0
2026-05-25T13:54:19.444436,0,0.0,0.0,0,0,0,0,0,0,0.0,0
2026-05-25T13:54:19.473554,0,0.0,0.0,0,0,0,0,0,0,0.0,0
2026-05-25T13:54:19.503083,0,0.0,0.0,0,0,0,0,0,0,0.0,0
2026-05-25T13:54:19.532413,0,0.0,0.0,0,0,0,0,0,0,0.0,0
2026-05-25T13:54:19.562365,0,0.0,0.0,0,0,0,0,0,0,0.0,0
2026-05-25T13:54:19.592350,0,0.0,0.0,0,0,0,0,0,0,0.0,0
2026-05-25T13:54:19.622207,0,0.0,0.0,0,0,0,0,0,0,0.0,0
2026-05-25T13:54:19.651720,0,0.0,0.0,0,0,0,0,0,0,0.0,0
2026-05-25T13:54:19.682121,0,0.0,0.0,0,0,0,0,0,0,0.0,0
2026-05-25T13:54:19.712305,0,0.0,0.0,0,0,0,0,0,0,0.0,0
2026-05-25T13:54:19.741980,0,0.0,0.0,0,0,0,0,0,0,0.0,0
2026-05-25T13:54:19.771893,0,0.0,0.0,0,0,0,0,0,0,0.0,0
2026-05-25T13:54:19.801261,0,0.0,0.0,0,0,0,0,0,0,0.0,0
2026-05-25T13:54:19.830905,0,0.0,0.0,0,0,0,0,0,0,0.0,0
2026-05-25T13:54:19.860730,0,0.0,0.0,0,0,0,0,0,0,0.0,0
2026-05-25T13:54:19.889975,0,0.0,0.0,0,0,0,0,0,0,0.0,0
2026-05-25T13:54:19.919906,0,0.0,0.0,0,0,0,0,0,0,0.0,0
2026-05-25T13:54:19.949263,0,0.0,0.0,0,0,0,0,0,0,0.0,0
2026-05-25T13:54:19.978597,0,0.0,0.0,0,0,0,0,0,0,0.0,0
2026-05-25T13:54:20.008022,0,0.0,0.0,0,0,0,0,0,0,0.0,0
2026-05-25T13:54:20.036864,0,0.0,0.0,0,0,0,0,0,0,0.0,0
2026-05-25T13:54:20.066703,0,0.0,0.0,0,0,0,0,0,0,0.0,0
2026-05-25T13:54:20.097027,0,0.0,0.0,0,0,0,0,0,0,0.0,0
2026-05-25T13:54:20.126549,0,0.0,0.0,0,0,0,0,0,0,0.0,0
2026-05-25T13:54:20.156252,0,0.0,0.0,0,0,0,0,0,0,0.0,0
2026-05-25T13:54:20.185530,0,0.0,0.0,0,0,0,0,0,0,0.0,0
2026-05-25T13:54:20.214496,0,0.0,0.0,0,0,0,0,0,0,0.0,0
2026-05-25T13:54:20.247057,0,0.0,0.0,0,0,0,0,0,0,0.0,0
2026-05-25T13:54:20.277446,0,0.0,0.0,0,0,0,0,0,0,0.0,0
2026-05-25T13:54:20.308126,0,0.0,0.0,0,0,0,0,0,0,0.0,0
2026-05-25T13:54:20.337401,0,0.0,0.0,0,0,0,0,0,0,0.0,0
2026-05-25T13:54:20.367008,0,0.0,0.0,0,0,0,0,0,0,0.0,0
2026-05-25T13:54:20.397358,0,0.0,0.0,0,0,0,0,0,0,0.0,0
2026-05-25T13:54:20.426100,0,0.0,0.0,0,0,0,0,0,0,0.0,0
2026-05-25T13:54:20.455106,0,0.0,0.0,0,0,0,0,0,0,0.0,0
2026-05-25T13:54:20.484885,0,0.0,0.0,0,0,0,0,0,0,0.0,0
2026-05-25T13:54:20.513819,0,0.0,0.0,0,0,0,0,0,0,0.0,0
2026-05-25T13:54:20.542752,0,0.0,0.0,0,0,0,0,0,0,0.0,0
2026-05-25T13:54:20.571679,0,0.0,0.0,0,0,0,0,0,0,0.0,0
2026-05-25T13:54:20.601363,0,0.0,0.0,0,0,0,0,0,0,0.0,0
2026-05-25T13:54:20.630374,0,0.0,0.0,0,0,0,0,0,0,0.0,0
2026-05-25T13:54:20.659271,0,0.0,0.0,0,0,0,0,0,0,0.0,0
2026-05-25T13:54:20.688835,0,0.0,0.0,0,0,0,0,0,0,0.0,0
2026-05-25T13:54:20.717478,0,0.0,0.0,0,0,0,0,0,0,0.0,0
2026-05-25T13:54:20.746586,0,0.0,0.0,0,0,0,0,0,0,0.0,0
2026-05-25T13:54:20.776069,0,0.0,0.0,0,0,0,0,0,0,0.0,0
2026-05-25T13:54:20.805158,0,0.0,0.0,0,0,0,0,0,0,0.0,0
2026-05-25T13:54:20.835657,0,0.0,0.0,0,0,0,0,0,0,0.0,0
2026-05-25T13:54:20.865010,0,0.0,0.0,0,0,0,0,0,0,0.0,0
2026-05-25T13:54:20.894581,0,0.0,0.0,0,0,0,0,0,0,0.0,0
2026-05-25T13:54:20.923849,0,0.0,0.0,0,0,0,0,0,0,0.0,0
2026-05-25T13:54:20.953688,0,0.0,0.0,0,0,0,0,0,0,0.0,0
2026-05-25T13:54:20.982902,0,0.0,0.0,0,0,0,0,0,0,0.0,0
2026-05-25T13:54:21.012446,0,0.0,0.0,0,0,0,0,0,0,0.0,0
2026-05-25T13:54:21.041718,0,0.0,0.0,0,0,0,0,0,0,0.0,0
2026-05-25T13:54:21.071801,0,0.0,0.0,0,0,0,0,0,0,0.0,0
2026-05-25T13:54:21.101044,0,0.0,0.0,0,0,0,0,0,0,0.0,0
2026-05-25T13:54:21.130538,0,0.0,0.0,0,0,0,0,0,0,0.0,0
2026-05-25T13:54:21.160029,0,0.0,0.0,0,0,0,0,0,0,0.0,0
2026-05-25T13:54:21.190147,0,0.0,0.0,0,0,0,0,0,0,0.0,0
2026-05-25T13:54:21.219679,0,0.0,0.0,0,0,0,0,0,0,0.0,0
2026-05-25T13:54:21.249005,0,0.0,0.0,0,0,0,0,0,0,0.0,0
2026-05-25T13:54:21.278582,0,0.0,0.0,0,0,0,0,0,0,0.0,0
2026-05-25T13:54:21.309114,0,0.0,0.0,0,0,0,0,0,0,0.0,0
2026-05-25T13:54:21.338083,0,0.0,0.0,0,0,0,0,0,0,0.0,0
2026-05-25T13:54:21.367675,0,0.0,0.0,0,0,0,0,0,0,0.0,0
2026-05-25T13:54:21.396943,0,0.0,0.0,0,0,0,0,0,0,0.0,0
2026-05-25T13:54:21.426273,0,0.0,0.0,0,0,0,0,0,0,0.0,0
2026-05-25T13:54:21.455549,0,0.0,0.0,0,0,0,0,0,0,0.0,0
2026-05-25T13:54:21.485009,0,0.0,0.0,0,0,0,0,0,0,0.0,0
2026-05-25T13:54:21.514691,0,0.0,0.0,0,0,0,0,0,0,0.0,0
2026-05-25T13:54:21.543838,0,0.0,0.0,0,0,0,0,0,0,0.0,0
2026-05-25T13:54:21.573184,0,0.0,0.0,0,0,0,0,0,0,0.0,0
2026-05-25T13:54:21.602736,0,0.0,0.0,0,0,0,0,0,0,0.0,0
2026-05-25T13:54:21.632523,0,0.0,0.0,0,0,0,0,0,0,0.0,0
2026-05-25T13:54:21.661626,0,0.0,0.0,0,0,0,0,0,0,0.0,0
2026-05-25T13:54:21.691850,0,0.0,0.0,0,0,0,0,0,0,0.0,0
2026-05-25T13:54:21.721392,0,0.0,0.0,0,0,0,0,0,0,0.0,0
2026-05-25T13:54:21.750864,0,0.0,0.0,0,0,0,0,0,0,0.0,0
2026-05-25T13:54:21.780232,0,0.0,0.0,0,0,0,0,0,0,0.0,0
2026-05-25T13:54:21.809480,0,0.0,0.0,0,0,0,0,0,0,0.0,0
2026-05-25T13:54:21.838503,0,0.0,0.0,0,0,0,0,0,0,0.0,0
2026-05-25T13:54:21.868244,0,0.0,0.0,0,0,0,0,0,0,0.0,0
2026-05-25T13:54:21.897322,0,0.0,0.0,0,0,0,0,0,0,0.0,0
2026-05-25T13:54:21.926480,0,0.0,0.0,0,0,0,0,0,0,0.0,0
2026-05-25T13:54:21.956567,0,0.0,0.0,0,0,0,0,0,0,0.0,0
2026-05-25T13:54:21.986783,0,0.0,0.0,0,0,0,0,0,0,0.0,0
2026-05-25T13:54:22.016052,0,0.0,0.0,0,0,0,0,0,0,0.0,0
2026-05-25T13:54:22.045633,0,0.0,0.0,0,0,0,0,0,0,0.0,0
2026-05-25T13:54:22.074664,0,0.0,0.0,0,0,0,0,0,0,0.0,0
2026-05-25T13:54:22.104131,0,0.0,0.0,0,0,0,0,0,0,0.0,0
2026-05-25T13:54:22.133567,0,0.0,0.0,0,0,0,0,0,0,0.0,0
2026-05-25T13:54:22.162377,0,0.0,0.0,0,0,0,0,0,0,0.0,0
2026-05-25T13:54:22.191642,0,0.0,0.0,0,0,0,0,0,0,0.0,0
2026-05-25T13:54:22.220557,0,0.0,0.0,0,0,0,0,0,0,0.0,0
2026-05-25T13:54:22.249501,0,0.0,0.0,0,0,0,0,0,0,0.0,0
2026-05-25T13:54:22.279578,0,0.0,0.0,0,0,0,0,0,0,0.0,0
2026-05-25T13:54:22.309569,0,0.0,0.0,0,0,0,0,0,0,0.0,0
2026-05-25T13:54:22.339346,0,0.0,0.0,0,0,0,0,0,0,0.0,0
2026-05-25T13:54:22.369079,0,0.0,0.0,0,0,0,0,0,0,0.0,0
2026-05-25T13:54:22.397627,0,0.0,0.0,0,0,0,0,0,0,0.0,0
2026-05-25T13:54:22.427159,0,0.0,0.0,0,0,0,0,0,0,0.0,0
2026-05-25T13:54:22.456646,0,0.0,0.0,0,0,0,0,0,0,0.0,0
2026-05-25T13:54:22.485667,0,0.0,0.0,0,0,0,0,0,0,0.0,0
2026-05-25T13:54:22.515103,0,0.0,0.0,0,0,0,0,0,0,0.0,0
2026-05-25T13:54:22.543939,0,0.0,0.0,0,0,0,0,0,0,0.0,0
2026-05-25T13:54:22.573205,0,0.0,0.0,0,0,0,0,0,0,0.0,0
2026-05-25T13:54:22.602838,0,0.0,0.0,0,0,0,0,0,0,0.0,0
2026-05-25T13:54:22.632695,0,0.0,0.0,0,0,0,0,0,0,0.0,0
2026-05-25T13:54:22.662006,0,0.0,0.0,0,0,0,0,0,0,0.0,0
2026-05-25T13:54:22.691373,0,0.0,0.0,0,0,0,0,0,0,0.0,0
2026-05-25T13:54:22.721141,0,0.0,0.0,0,0,0,0,0,0,0.0,0
2026-05-25T13:54:22.750948,0,0.0,0.0,0,0,0,0,0,0,0.0,0
2026-05-25T13:54:22.780346,0,0.0,0.0,0,0,0,0,0,0,0.0,0
2026-05-25T13:54:22.809444,0,0.0,0.0,0,0,0,0,0,0,0.0,0
2026-05-25T13:54:22.838769,0,0.0,0.0,0,0,0,0,0,0,0.0,0
2026-05-25T13:54:22.868194,0,0.0,0.0,0,0,0,0,0,0,0.0,0
2026-05-25T13:54:22.897384,0,0.0,0.0,0,0,0,0,0,0,0.0,0
2026-05-25T13:54:22.926307,0,0.0,0.0,0,0,0,0,0,0,0.0,0
2026-05-25T13:54:22.955280,0,0.0,0.0,0,0,0,0,0,0,0.0,0
2026-05-25T13:54:22.984779,0,0.0,0.0,0,0,0,0,0,0,0.0,0
2026-05-25T13:54:23.014060,0,0.0,0.0,0,0,0,0,0,0,0.0,0
2026-05-25T13:54:23.043356,0,0.0,0.0,0,0,0,0,0,0,0.0,0
2026-05-25T13:54:23.072363,0,0.0,0.0,0,0,0,0,0,0,0.0,0
2026-05-25T13:54:23.102037,0,0.0,0.0,0,0,0,0,0,0,0.0,0
2026-05-25T13:54:23.131860,0,0.0,0.0,0,0,0,0,0,0,0.0,0
2026-05-25T13:54:23.160793,0,0.0,0.0,0,0,0,0,0,0,0.0,0
2026-05-25T13:54:23.190289,0,0.0,0.0,0,0,0,0,0,0,0.0,0
2026-05-25T13:54:23.219145,0,0.0,0.0,0,0,0,0,0,0,0.0,0
2026-05-25T13:54:23.248169,0,0.0,0.0,0,0,0,0,0,0,0.0,0
2026-05-25T13:54:23.277192,0,0.0,0.0,0,0,0,0,0,0,0.0,0
2026-05-25T13:54:23.306826,0,0.0,0.0,0,0,0,0,0,0,0.0,0
2026-05-25T13:54:23.336050,0,0.0,0.0,0,0,0,0,0,0,0.0,0
2026-05-25T13:54:23.365786,0,0.0,0.0,0,0,0,0,0,0,0.0,0
2026-05-25T13:54:23.394612,0,0.0,0.0,0,0,0,0,0,0,0.0,0
2026-05-25T13:54:23.425103,0,0.0,0.0,0,0,0,0,0,0,0.0,0
2026-05-25T13:54:23.454071,0,0.0,0.0,0,0,0,0,0,0,0.0,0
2026-05-25T13:54:23.482991,0,0.0,0.0,0,0,0,0,0,0,0.0,0
2026-05-25T13:54:23.513025,0,0.0,0.0,0,0,0,0,0,0,0.0,0
2026-05-25T13:54:23.547075,0,0.0,0.0,0,0,0,0,0,0,0.0,0
2026-05-25T13:54:23.577934,0,0.0,0.0,0,0,0,0,0,0,0.0,0
